INSERT INTO regions (id,name) VALUES (1,'South America');
INSERT INTO regions (id,name) VALUES (2,'Central America');
INSERT INTO regions (id,name) VALUES (3,'North America');
INSERT INTO regions (id,name) VALUES (4,'Europe');
INSERT INTO regions (id,name) VALUES (5,'Asia');
INSERT INTO regions (id,name) VALUES (6,'Africa');
INSERT INTO regions (id,name) VALUES (7,'Oceania');
INSERT INTO regions (id,name) VALUES (8,'Antarctica');

INSERT INTO clients (first_name, last_name, email, create_at, region_id) VALUES('Marcos', 'Ruiz', 'marcosrm99@bolsadeideas.com', '2018-01-01',1);
INSERT INTO clients (first_name, last_name, email, create_at, region_id) VALUES('Mr. John', 'Doe', 'john.doe@gmail.com', '2018-01-02',1);
INSERT INTO clients (first_name, last_name, email, create_at, region_id) VALUES('Linus', 'Torvalds', 'linus.torvalds@gmail.com', '2018-01-03',1);
INSERT INTO clients (first_name, last_name, email, create_at, region_id) VALUES('Rasmus', 'Lerdorf', 'rasmus.lerdorf@gmail.com', '2018-01-04',1);
INSERT INTO clients (first_name, last_name, email, create_at, region_id) VALUES('Erich', 'Gamma', 'erich.gamma@gmail.com', '2018-02-01',1);
INSERT INTO clients (first_name, last_name, email, create_at, region_id) VALUES('Richard', 'Helm', 'richard.helm@gmail.com', '2018-02-10',1);
INSERT INTO clients (first_name, last_name, email, create_at, region_id) VALUES('Ralph', 'Johnson', 'ralph.johnson@gmail.com', '2018-02-18',1);
INSERT INTO clients (first_name, last_name, email, create_at, region_id) VALUES('John', 'Vlissides', 'john.vliweeqwssides@gmail.com', '2018-02-28',1);
INSERT INTO clients (first_name, last_name, email, create_at, region_id) VALUES('Dr. James', 'Gosling', 'james.gosling@gmail.com', '2018-03-03',1);
INSERT INTO clients (first_name, last_name, email, create_at, region_id) VALUES('Magma', 'Lee', 'magma.lee@gmail.com', '2018-03-04',1);
INSERT INTO clients (first_name, last_name, email, create_at, region_id) VALUES('Tornado', 'Roe', 'tornado.roe@gmail.com', '2018-03-05',1);
INSERT INTO clients (first_name, last_name, email, create_at, region_id) VALUES('Jade', 'Doe', 'jane.doe@gmail.com', '2018-03-06',1);

INSERT INTO clients (first_name, last_name, email, create_at, region_id) VALUES('Maradsdsacos', 'Ruiz', 'mardsadsacosrm99@bolsadeideas.com', '2018-01-01',2);
INSERT INTO clients (first_name, last_name, email, create_at, region_id) VALUES('Mr. John', 'Doe', 'johdasdsan.doe@gmail.com', '2018-01-02',2);
INSERT INTO clients (first_name, last_name, email, create_at, region_id) VALUES('Linus', 'Torvalds', 'linudasdass.torvalds@gmail.com', '2018-01-03',2);
INSERT INTO clients (first_name, last_name, email, create_at, region_id) VALUES('Rasmus', 'Lerdorf', 'rasmus.ledsadsardorf@gmail.com', '2018-01-04',2);
INSERT INTO clients (first_name, last_name, email, create_at, region_id) VALUES('Erich', 'Gamma', 'erich.gamdsadsama@gmail.com', '2018-02-01',2);
INSERT INTO clients (first_name, last_name, email, create_at, region_id) VALUES('Richard', 'Helm', 'richard.hedsadsalm@gmail.com', '2018-02-10',2);
INSERT INTO clients (first_name, last_name, email, create_at, region_id) VALUES('Ralph', 'Johnson', 'ralph.johdasdsanson@gmail.com', '2018-02-18',2);
INSERT INTO clients (first_name, last_name, email, create_at, region_id) VALUES('John', 'Vlissides', 'johdsadsan.vlissides@gmail.com', '2018-02-28',2);
INSERT INTO clients (first_name, last_name, email, create_at, region_id) VALUES('Dr. James', 'Gosling', 'jamedsadass.gosling@gmail.com', '2018-03-03',2);
INSERT INTO clients (first_name, last_name, email, create_at, region_id) VALUES('Magma', 'Lee', 'magma.ledsaadse@gmail.com', '2018-03-04',2);
INSERT INTO clients (first_name, last_name, email, create_at, region_id) VALUES('Tornado', 'Roe', 'tornsaddsaado.roe@gmail.com', '2018-03-05',2);
INSERT INTO clients (first_name, last_name, email, create_at, region_id) VALUES('Jade', 'Doe', 'janeadsdas.doe@gmail.com', '2018-03-06',2);

INSERT INTO clients (first_name, last_name, email, create_at, region_id) VALUES('Marcos', 'Ruiz', 'marcohjhgghjsrm99@bolsadeideas.com', '2018-01-01',3);
INSERT INTO clients (first_name, last_name, email, create_at, region_id) VALUES('Mr. John', 'Doe', 'joh5445n.doe@gmail.com', '2018-01-02',3);
INSERT INTO clients (first_name, last_name, email, create_at, region_id) VALUES('Linus', 'Torvalds', 'lin64545us.torvalds@gmail.com', '2018-01-03',3);
INSERT INTO clients (first_name, last_name, email, create_at, region_id) VALUES('Rasmus', 'Lerdorf', 'rasm64465us.lerdorf@gmail.com', '2018-01-04',3);
INSERT INTO clients (first_name, last_name, email, create_at, region_id) VALUES('Erich', 'Gamma', 'erich.ga6464mma@gmail.com', '2018-02-01',3);
INSERT INTO clients (first_name, last_name, email, create_at, region_id) VALUES('Richard', 'Helm', 'richard.h465465elm@gmail.com', '2018-02-10',3);
INSERT INTO clients (first_name, last_name, email, create_at, region_id) VALUES('Ralph', 'Johnson', 'ralph.jorterhnson@gmail.com', '2018-02-18',3);
INSERT INTO clients (first_name, last_name, email, create_at, region_id) VALUES('John', 'Vlissides', 'john.vlissides@gmail.com', '2018-02-28',3);
INSERT INTO clients (first_name, last_name, email, create_at, region_id) VALUES('Dr. James', 'Gosling', 'james.gos0ling@gmail.com', '2018-03-03',3);
INSERT INTO clients (first_name, last_name, email, create_at, region_id) VALUES('Magma', 'Lee', 'magma.le0e@gmail.com', '2018-03-04',3);
INSERT INTO clients (first_name, last_name, email, create_at, region_id) VALUES('Tornado', 'Roe', 'tornado.roe1@gmail.com', '2018-03-05',3);
INSERT INTO clients (first_name, last_name, email, create_at, region_id) VALUES('Jade', 'Doe', 'jane.do1e@gmail.com', '2018-03-06',3);

INSERT INTO clients (first_name, last_name, email, create_at, region_id) VALUES('Marcos', 'Ruiz', 'marcosr0m99@bolsadeideas.com', '2018-01-01',3);
INSERT INTO clients (first_name, last_name, email, create_at, region_id) VALUES('Mr. John', 'Doe', 'john.do2e@gmail.com', '2018-01-02',3);
INSERT INTO clients (first_name, last_name, email, create_at, region_id) VALUES('Linus', 'Torvalds', 'linu3s.torvalds@gmail.com', '2018-01-03',3);
INSERT INTO clients (first_name, last_name, email, create_at, region_id) VALUES('Rasmus', 'Lerdorf', 'rasmu4s.lerdorf@gmail.com', '2018-01-04',3);
INSERT INTO clients (first_name, last_name, email, create_at, region_id) VALUES('Erich', 'Gamma', 'erich.ga5mma@gmail.com', '2018-02-01',3);
INSERT INTO clients (first_name, last_name, email, create_at, region_id) VALUES('Richard', 'Helm', 'richa6rd.helm@gmail.com', '2018-02-10',3);
INSERT INTO clients (first_name, last_name, email, create_at, region_id) VALUES('Ralph', 'Johnson', 'ralph.j7ohnson@gmail.com', '2018-02-18',3);
INSERT INTO clients (first_name, last_name, email, create_at, region_id) VALUES('John', 'Vlissides', 'john.vlis8sides@gmail.com', '2018-02-28',3);
INSERT INTO clients (first_name, last_name, email, create_at, region_id) VALUES('Dr. James', 'Gosling', 'james.gos5ling@gmail.com', '2018-03-03',3);
INSERT INTO clients (first_name, last_name, email, create_at, region_id) VALUES('Magma', 'Lee', 'magma.5lee@gmail.com', '2018-03-04',3);
INSERT INTO clients (first_name, last_name, email, create_at, region_id) VALUES('Tornado', 'Roe', 'tornado.r5oe@gmail.com', '2018-03-05',3);
INSERT INTO clients (first_name, last_name, email, create_at, region_id) VALUES('Jade', 'Doe', 'jane.d4oe@gmail.com', '2018-03-06',3);

INSERT INTO clients (first_name, last_name, email, create_at, region_id) VALUES('Marcos', 'Ruiz', 'marcosrm9559@bolsadeideas.com', '2018-01-01',4);
INSERT INTO clients (first_name, last_name, email, create_at, region_id) VALUES('Mr. John', 'Doe', 'john.d4oe@gmail.com', '2018-01-02',3);
INSERT INTO clients (first_name, last_name, email, create_at, region_id) VALUES('Linus', 'Torvalds', 'linus.torv4alds@gmail.com', '2018-01-03',3);
INSERT INTO clients (first_name, last_name, email, create_at, region_id) VALUES('Rasmus', 'Lerdorf', 'rasmus.lerdforf@gmail.com', '2018-01-04',4);
INSERT INTO clients (first_name, last_name, email, create_at, region_id) VALUES('Erich', 'Gamma', 'erich.gamama@gmail.com', '2018-02-01',4);
INSERT INTO clients (first_name, last_name, email, create_at, region_id) VALUES('Richard', 'Helm', 'richard.heslm@gmail.com', '2018-02-10',4);
INSERT INTO clients (first_name, last_name, email, create_at, region_id) VALUES('Ralph', 'Johnson', 'ralph.johnsonf@gmail.com', '2018-02-18',4);
INSERT INTO clients (first_name, last_name, email, create_at, region_id) VALUES('John', 'Vlissides', 'joahn.vlissides@gmail.com', '2018-02-28',4);
INSERT INTO clients (first_name, last_name, email, create_at, region_id) VALUES('Dr. James', 'Gosling', 'jamdes.gosling@gmail.com', '2018-03-03',4);
INSERT INTO clients (first_name, last_name, email, create_at, region_id) VALUES('Magma', 'Lee', 'magma.lee@gmafil.com', '2018-03-04',4);
INSERT INTO clients (first_name, last_name, email, create_at, region_id) VALUES('Tornado', 'Roe', 'tornado.vroe@gmail.com', '2018-03-05',4);
INSERT INTO clients (first_name, last_name, email, create_at, region_id) VALUES('Jade', 'Doe', 'jane.dobe@gmail.com', '2018-03-06',4);

INSERT INTO clients (first_name, last_name, email, create_at, region_id) VALUES('Marcos', 'Ruiz', 'maercasdosrm99@bolsadeideas.com', '2018-01-01',5);
INSERT INTO clients (first_name, last_name, email, create_at, region_id) VALUES('Mr. John', 'Doe', 'john.dwoe@gmail.com', '2018-01-02',5);
INSERT INTO clients (first_name, last_name, email, create_at, region_id) VALUES('Linus', 'Torvalds', 'linaus.torvalds@gmail.com', '2018-01-03',5);
INSERT INTO clients (first_name, last_name, email, create_at, region_id) VALUES('Rasmus', 'Lerdorf', 'rasmuads.lerdorf@gmail.com', '2018-01-04',5);
INSERT INTO clients (first_name, last_name, email, create_at, region_id) VALUES('Erich', 'Gamma', 'erich.gasdmma@gmail.com', '2018-02-01',5);
INSERT INTO clients (first_name, last_name, email, create_at, region_id) VALUES('Richard', 'Helm', 'richaadsrd.helm@gmail.com', '2018-02-10',5);
INSERT INTO clients (first_name, last_name, email, create_at, region_id) VALUES('Ralph', 'Johnson', 'ralpdsah.johnson@gmail.com', '2018-02-18',5);
INSERT INTO clients (first_name, last_name, email, create_at, region_id) VALUES('John', 'Vlissides', 'john.vladsissides@gmail.com', '2018-02-28',5);
INSERT INTO clients (first_name, last_name, email, create_at, region_id) VALUES('Dr. James', 'Gosling', 'jaiumes.gosling@gmail.com', '2018-03-03',5);
INSERT INTO clients (first_name, last_name, email, create_at, region_id) VALUES('Magma', 'Lee', 'magma.leoiue@gmail.com', '2018-03-04',5);
INSERT INTO clients (first_name, last_name, email, create_at, region_id) VALUES('Tornado', 'Roe', 'tornuoiado.roe@gmail.com', '2018-03-05',5);
INSERT INTO clients (first_name, last_name, email, create_at, region_id) VALUES('Jade', 'Doe', 'jauoine.doe@gmail.com', '2018-03-06',5);

INSERT INTO clients (first_name, last_name, email, create_at, region_id) VALUES('Marcos', 'Ruiz', 'marcouiosrm99@bolsadeideas.com', '2018-01-01',5);
INSERT INTO clients (first_name, last_name, email, create_at, region_id) VALUES('Mr. John', 'Doe', 'johqewn.doe@gmail.com', '2018-01-02',5);
INSERT INTO clients (first_name, last_name, email, create_at, region_id) VALUES('Linus', 'Torvalds', 'li12nus.torvalds@gmail.com', '2018-01-03',5);
INSERT INTO clients (first_name, last_name, email, create_at, region_id) VALUES('Rasmus', 'Lerdorf', 'rasmrus.lerrwedorf@gmail.com', '2018-01-04',5);
INSERT INTO clients (first_name, last_name, email, create_at, region_id) VALUES('Erich', 'Gamma', 'erich.gammwera@gmail.com', '2018-02-01',5);
INSERT INTO clients (first_name, last_name, email, create_at, region_id) VALUES('Richard', 'Helm', 'richard.hwreelm@gmail.com', '2018-02-10',5);
INSERT INTO clients (first_name, last_name, email, create_at, region_id) VALUES('Ralph', 'Johnson', 'ralph.jwreohnson@gmail.com', '2018-02-18',5);
INSERT INTO clients (first_name, last_name, email, create_at, region_id) VALUES('John', 'Vlissides', 'john.vliwressides@gmail.com', '2018-02-28',5);
INSERT INTO clients (first_name, last_name, email, create_at, region_id) VALUES('Dr. James', 'Gosling', 'james.gowresling@gmail.com', '2018-03-03',5);
INSERT INTO clients (first_name, last_name, email, create_at, region_id) VALUES('Magma', 'Lee', 'magma.wrelee@gmail.com', '2018-03-04',5);
INSERT INTO clients (first_name, last_name, email, create_at, region_id) VALUES('Tornado', 'Roe', 'tornawerdo.roe@gmail.com', '2018-03-05',5);
INSERT INTO clients (first_name, last_name, email, create_at, region_id) VALUES('Jade', 'Doe', 'jane.dweroe@gmail.com', '2018-03-06',5);

INSERT INTO clients (first_name, last_name, email, create_at, region_id) VALUES('Marcos', 'Ruiz', 'marcoswerwerrm99@bolsadeideas.com', '2018-01-01',6);
INSERT INTO clients (first_name, last_name, email, create_at, region_id) VALUES('Mr. John', 'Doe', 'john.dwerroe@gmail.com', '2018-01-02',6);
INSERT INTO clients (first_name, last_name, email, create_at, region_id) VALUES('Linus', 'Torvalds', 'linurews.torvalds@gmail.com', '2018-01-03',6);
INSERT INTO clients (first_name, last_name, email, create_at, region_id) VALUES('Rasmus', 'Lerdorf', 'rasmrewus.lerdorf@gmail.com', '2018-01-04',7);
INSERT INTO clients (first_name, last_name, email, create_at, region_id) VALUES('Erich', 'Gamma', 'erich.gamwrema@gmail.com', '2018-02-01',7);
INSERT INTO clients (first_name, last_name, email, create_at, region_id) VALUES('Richard', 'Helm', 'richaqewrd.helm@gmail.com', '2018-02-10',7);
INSERT INTO clients (first_name, last_name, email, create_at, region_id) VALUES('Ralph', 'Johnson', 'ralppioh.johnson@gmail.com', '2018-02-18',7);
INSERT INTO clients (first_name, last_name, email, create_at, region_id) VALUES('John', 'Vlissides', 'johnp.vlissides@gmail.com', '2018-02-28',7);
INSERT INTO clients (first_name, last_name, email, create_at, region_id) VALUES('Dr. James', 'Gosling', 'ja321mes.gosling@gmail.com', '2018-03-03',8);
INSERT INTO clients (first_name, last_name, email, create_at, region_id) VALUES('Magma', 'Lee', 'magma.le32e@gmail.com', '2018-03-04',8);
INSERT INTO clients (first_name, last_name, email, create_at, region_id) VALUES('Tornado', 'Roe', 'tornad23o.roe@gmail.com', '2018-03-05',8);
INSERT INTO clients (first_name, last_name, email, create_at, region_id) VALUES('Jade', 'Doe', 'jane.d111oe@gmail.com', '2018-03-06',8);

INSERT INTO users (username, password, enabled, first_name, last_name, email) VALUES ('marcosrm99','$2a$10$tf7k.GNE3U71e6iqkt6kP.WhQ/kYWaSSPu4/wG3OKKz7j3b/Bfdxe',true,'Marcos','Ruiz Muñoz','marcosrm99@gmail.com');
INSERT INTO users (username, password, enabled, first_name, last_name, email) VALUES ('admin','$2a$10$OqDFg1sa45zXpT7VBZr1V.U9DobQ2QCW0v4C/OyWFeWmgNP/DJcNy',true,'Admin','Admin LastName','admin@admin.es');

INSERT INTO roles (name) VALUES ('ROLE_USER');
INSERT INTO roles (name) VALUES ('ROLE_ADMIN');

INSERT INTO users_roles (user_id,role_id) VALUES (1,1);
INSERT INTO users_roles (user_id,role_id) VALUES (2,1);
INSERT INTO users_roles (user_id,role_id) VALUES (2,2);